{"cameraMode":{"drawMode":0,"name":"Shaded","section":"Shading Mode"},"sceneLighting":false,"audioPlay":false,"sceneViewState":{"m_AlwaysRefresh":false,"showFog":true,"showSkybox":false,"showFlares":true,"showImageEffects":true,"showParticleSystems":true,"showVisualEffectGraphs":true,"m_FxEnabled":true},"in2DMode":false,"pivot":{"x":-0.02043616771697998,"y":0.0990172028541565,"z":0.015826523303985597},"rotation":{"x":-0.0931008830666542,"y":0.6810432076454163,"z":-0.0879138931632042,"w":-0.7209964394569397},"size":1.1206293106079102,"orthographic":false}